variable,mean,std,skew,kurt
Question_ID_question,1453529.0,519.0163773909259,,
Author_ID_question,880497.0,387829.6847045105,,
Author_Rep_question,892.5,375.47370081005676,,
Question_Score,0.5,0.7071067811865476,,
Number_Of_Views,14.5,6.363961030678928,,
Number_Of_Answers,1.0,0.0,,
Number_Of_Comments_question,0.0,0.0,,
Edited,0.0,0.0,,
Answer_Accepted_question,0.0,0.0,,
Question_Closed,0.0,0.0,,
Answer_Score,0.0,0.0,,
Author_Rep_answer,892.5,375.47370081005676,,
Number_Of_Comments_answer,0.0,0.0,,
Answer_Accepted_answer,0.0,0.0,,
